EmployeeNumber,EmployeeFirstName,EmployeeMiddleName,EmployeeLastName,EmployeeGovernmentID,DateOfBirth,Department
123,Jane,,Zwilling,AB123456G,1/1/1985,Customer Relations
124,Carolyn,Andrea,Zimmerman,AB234578H,6/1/1975,Litigation
125,Jane,,Zabokritski,ZT415963D,6/11/1976,Litigation
126,Ken,J,Yukish,MI129313Z,7/7/1980,HR
127,Terri,Lee,Yu,PO311378J,7/9/1972,HR
128,Roberto,,Young,TK205054G,2/16/1976,Commercial
129,Rob,,Yalovsky,HE057118H,8/22/1971,Commercial
130,Gail,A,Wu,HL212152H,5/24/1990,HR
131,Jossef,H,Wright,CL532692N,1/7/1990,HR
132,Dylan,A,Word,AC533782E,10/10/1987,HR
133,Diane,L,Wood,XF300607H,10/6/1987,Commercial
134,Gigi,N,Wilson,LU791177I,7/16/1975,HR
135,Michael,,Williams,PN956457X,4/23/1977,HR
136,Ovidiu,V,Welcker,LN396913M,1/20/1972,HR
137,Thierry,B,Wedge,SN661083E,12/9/1993,Customer Relations
138,Janice,M,Watters,NB377037Q,7/18/1992,Litigation
139,Michael,I,Wang,AA824435A,10/6/1967,Commercial
140,Sharon,B,Walton,DO351246D,6/13/1981,Commercial
141,David,M,Walters,TB083516W,12/8/1975,Customer Relations
142,Kevin,F,Vong,WX789528J,4/11/1985,Customer Relations
143,John,L,Varkey Chudukatil,PB910852E,12/18/1979,Litigation
144,Mary,A,Vargas,YS154893B,6/22/1967,Customer Relations
145,Wanida,M,Vanderhyde,BZ375043A,9/5/1977,Commercial
146,Terry,J,Vande Velde,DD647579S,4/2/1984,Litigation
147,Sariya,E,Valdez,KD548901X,10/27/1975,Commercial
148,Mary,E,Valdez,YP792154X,9/19/1972,HR
149,Jill,A,Uddin,XQ699520D,4/29/1980,Commercial
150,James,R,Turner,UY563931F,5/25/1973,HR
151,Peter,J,Tsoflias,MB902412X,2/16/1987,Customer Relations
152,Jo,A,Trenary,HS597073U,5/19/1969,HR
153,Guy,R,Tomic,KQ880799H,3/10/1988,HR
154,Mark,K,Ting,ZU918685I,6/18/1983,Customer Relations
155,Britta,L,Tiedt,QF291678I,7/29/1990,Litigation
156,Margie,W,Tibbott,QA729253C,12/16/1970,HR
157,Rebecca,A,Tejani,CS050764B,5/7/1985,Customer Relations
158,Annik,O,Tamburello,EM821236H,2/7/1989,Commercial
159,Suchitra,O,Sunkammurali,BF625586G,10/15/1982,Customer Relations
160,Brandon,G,Sullivan,FV068976G,5/3/1988,Commercial
161,Jose,R,Su,OD124444G,12/8/1983,Litigation
162,Chris,O,Steele,XB011732W,5/29/1992,Commercial
163,Kim,B,Stahl,NM891627L,4/12/1979,Customer Relations
164,Ed,R,Stadick,QX318402W,9/8/1975,Litigation
165,JoLynn,M,Spoon,ZK687103J,9/15/1990,Customer Relations
166,Bryan,,Sousa,MB001044Z,11/10/1989,HR
167,James,D,Song,GM211020Q,9/30/1980,Litigation
168,Nancy,A,Smith,HT721598X,11/9/1986,Commercial
169,Simon,D,Smith,YS136925M,8/7/1982,Commercial
170,Thomas,R,Smith,FF702310V,5/24/1989,Commercial
171,Eugene,O,Smith,MQ178083U,12/14/1993,Litigation
172,Andrew,R,Smith,JM348365V,4/9/1994,Litigation
173,Ruth,Ann,Smith,OQ342028D,11/26/1984,Commercial
174,Barry,K,Singh,JR167508B,3/14/1970,Litigation
175,Sidney,M,Simon,EU071187V,7/31/1990,Litigation
176,Jeffrey,L,Shoop,LG325339K,11/7/1970,HR
177,Doris,M,Sheperdigian,PR641773B,8/4/1971,Customer Relations
178,Diane,R,Sharma,NH809077R,10/3/1983,Litigation
179,Bonnie,N,Shabalin,ZQ046986C,11/7/1984,Customer Relations
180,Taylor,R,Selikoff,WJ742513Y,7/2/1989,Commercial
181,Denise,H,Seamans,EY749898T,5/16/1966,Commercial
182,Frank,T,Scardelis,EN659487E,8/8/1984,HR
183,Kendall,C,Saraiva,WA610340O,5/20/1971,Commercial
184,Bob,N,Sandberg,QH214368I,7/14/1986,Litigation
185,Pete,C,Sánchez,CP000792C,10/21/1969,HR
186,Diane,H,Samarawickrama,QU800733P,6/30/1984,Customer Relations
187,John,T,Samant,CM489219O,9/27/1986,Litigation
188,Maciej,W,Sam,GL231978M,3/26/1983,Commercial
189,Michael,J,Salmre,WE420269G,3/13/1991,Commercial
190,Randy,T,Salavaria,WW081103A,12/11/1975,Customer Relations
191,Karan,R,Sacksteder,NX537058T,10/15/1969,Customer Relations
192,Jay,G,Ruth,IJ505949B,7/30/1993,Commercial
193,Charles,B,Rounthwaite,SL298469O,3/6/1993,Litigation
194,Steve,F,Rothkugel,VK628156D,4/29/1970,Litigation
195,David,J,Rodman,MQ434444N,5/3/1986,HR
196,Michael,Sean,Rodgers,AZ469789A,2/5/1974,Litigation
197,Steven,T,Rockne,PU295092Y,10/14/1974,HR
198,Carole,M,Robinson,AF464710G,12/9/1989,Commercial
199,Bjorn,M,Robinson,DR767682S,6/5/1984,HR
200,Michiko,F,Robinett,OD989261N,9/10/1966,Customer Relations
201,Carol,M,Roberts,VM615908E,3/30/1971,HR
202,Merav,A,Rizzi,KA738726Q,10/19/1984,Customer Relations
203,Reuben,H,Richter,CL523699J,12/1/1965,Litigation
204,Eric,L,Richmeier,JS105513F,7/7/1967,Commercial
205,Sandeep,P,Richins,OS464575A,9/13/1988,Customer Relations
206,Mihail,U,Richins,PY688335B,5/21/1982,Commercial
207,Jack,T,Richards,JL158907D,1/4/1969,Litigation
208,Patrick,M,Richards,JF328250K,9/1/1980,HR
209,Frank,R,Rhodes,OW795055B,9/15/1985,HR
210,Brian,Richard,Rhodes,KG479873G,9/27/1969,Commercial
211,Ryan,L,Reynolds,IC174062P,5/17/1992,Commercial
212,Cristian,K,Rettig,PE589941K,9/5/1991,Litigation
213,Betsy,A,Remmington,QC367467F,11/28/1988,Commercial
214,Patrick,C,Remick,HS479590T,7/10/1986,Customer Relations
215,Danielle,C,Reiter,CR557823T,11/19/1990,Commercial
216,Kimberly,B,Reeves,VH473029F,10/10/1983,HR
217,Tom,M,Reeves,JA244001A,2/22/1972,Commercial
218,Kok-Ho,T,Reed,UD348875Z,9/28/1992,HR
219,Russell,,Reed,NU548632D,5/18/1969,Commercial
220,Jim,H,Reding,WW729342V,8/12/1980,HR
221,Elizabeth,I,Rector,SB151571M,1/1/1990,Litigation
222,Mandar,H,Reátegui Alayo,OX588110P,10/14/1976,Customer Relations
223,Sameer,A,Reams,EU907675A,7/28/1993,Litigation
224,Nuan,,Ray,KW424373G,4/5/1978,Litigation
225,Lolan,B,Ray,OB584143U,4/28/1989,Customer Relations
226,Houman,N,Rapier,SL795940T,7/24/1978,Litigation
227,Zheng,W,Rapier,DF295144I,11/13/1971,Litigation
228,Ebru,N,Rao,SG258830M,10/25/1987,Litigation
229,Mary,R,Rao,FP120253I,3/8/1981,Customer Relations
230,Kevin,M,Randall,MR958541O,7/25/1980,HR
231,John,T,Randall,ZN397635A,3/16/1971,Litigation
232,Christopher,E,Randall,VQ745832G,1/13/1982,Litigation
233,Jinghao,K,Ramos,EO189982D,7/31/1981,HR
234,Alice,O,Ralls,PS537605Q,7/19/1988,Litigation
235,Jun,T,Ralls,VZ166468E,6/22/1989,Customer Relations
236,Suroor,R,Raheem,OD954355J,12/1/1992,Litigation
237,John,P,Quintana,GG440724B,2/16/1980,HR
238,Linda,K,Quintana,JC986104P,12/4/1989,HR
239,Mindaugas,J,Purcell,KI894858Q,12/25/1988,HR
240,Angela,W,Pugh,CR467994X,11/15/1986,Commercial
241,Michael,W,Price,FK922345T,6/14/1980,Commercial
242,Chad,W,Preston,XI587477V,11/29/1970,HR
243,Don,L,Preston,AV886291O,10/1/1983,Commercial
244,Michael,T,Pournasseh,AQ052869H,10/14/1980,Commercial
245,Kitti,H,Potts,IY539894B,5/7/1966,Customer Relations
246,Pilar,G,Posner,JE186776Q,6/15/1980,Customer Relations
247,Susan,W,Porter,OE147112P,3/7/1980,Customer Relations
248,Vamsi,N,Porter,BD279429P,12/1/1991,HR
249,Kim,T,Poorbaugh,GH605805Y,2/5/1973,Commercial
250,Matthias,T,Pompa,BC461357Q,11/7/1982,HR
251,Jimmy,T,Pollock,IK873262J,11/5/1991,Litigation
252,David,P,Poland,GY000188S,7/19/1972,Customer Relations
253,Paul,B,Poland,JJ863559O,7/18/1989,Litigation
254,Gary,W,Pogulsky,UV864109M,7/1/1977,Litigation
255,Rob,T,Poe,CZ494249X,6/14/1976,Customer Relations
256,Baris,F,Poe,UI148852M,5/14/1968,Commercial
257,Nicole,B,Pinto,RG051088P,8/13/1966,Commercial
258,Michael,L,Pinkston,YW263766C,4/21/1994,Customer Relations
259,Eric,,Philips,PM686865Q,10/20/1987,HR
260,Ivo,William,Philips,CG796079E,2/18/1983,HR
261,Sylvester,A,Pettengill,KP924715Q,10/12/1978,Litigation
262,Anibal,T,Peterson,WO604729L,7/7/1973,Commercial
263,Samantha,H,Peters,OE076815V,4/28/1968,Customer Relations
264,Hung-Fu,T,Petculescu,XL773023C,4/11/1992,Commercial
265,Prasanna,E,Perko,NH673239N,2/19/1979,Customer Relations
266,Min,G,Perera,TN612920N,4/30/1972,HR
267,Olinda,C,Peoples,DR308335Y,8/16/1967,Customer Relations
268,Krishna,,Peoples,BJ456112F,4/12/1973,Customer Relations
269,Paul,R,Penuchot,KU816780N,10/26/1993,Litigation
270,Cynthia,S,Penuchot,YT684533X,9/19/1967,Customer Relations
271,Jian Shuo,,Penor,YW780071O,10/30/1980,Commercial
272,Sandra,,Pellow,CJ494926K,3/18/1984,Commercial
273,Jason,M,Pellow,AX006338F,6/1/1983,Customer Relations
274,Andy,M,Pederson,HI611165G,4/26/1974,HR
275,Michael,T,Patten,TO619853M,8/21/1983,Commercial
276,Rostislav,E,Patten,RP359802B,3/30/1986,Customer Relations
277,Yuhong,L,Pather,YV617495A,12/3/1969,Commercial
278,Hanying,P,Patel,SI717632V,10/7/1974,Litigation
279,Raymond,K,Patel,ZL401708V,3/11/1978,Commercial
280,Fadi,K,Park,YB586761P,9/30/1968,Commercial
281,Lane,M,Pak,OA665541G,9/25/1979,Litigation
282,Linda,A,Pai,VF317924S,5/19/1985,HR
283,Shelley,N,Oviatt,RJ695346F,11/15/1975,Customer Relations
284,Terrence,W,Oveson,ZR504573O,4/4/1976,HR
285,Jeff,V,Osorio,XB359298H,8/17/1970,Customer Relations
286,Kirk,J,Osborn,HZ130052G,9/17/1971,HR
287,Laura,C,Osada,GO781532O,10/9/1966,HR
288,Alex,M,Osada,IW042262U,7/1/1990,Commercial
289,Andrew,M,Ortiz,PB557228Z,3/24/1979,HR
290,Chris,T,Ortiz,DP432174Y,6/12/1990,Commercial
291,Jack,S,Ortiz,HT766141F,7/19/1974,HR
292,David,N,Ortiz,QR935073J,8/13/1993,Customer Relations
293,Garrett,R,Orona,AL491946C,5/31/1985,Commercial
294,Susan,A,Orman,JC290244V,7/6/1989,Commercial
295,George,Z,Olivotto,JW881413F,3/7/1982,Customer Relations
296,David,A,Olguin,RZ272897H,3/1/1981,Commercial
297,Marc,J,Okelberry,FL388042Q,10/30/1973,Customer Relations
298,Eugene,R,O'Hara,NC141487T,3/31/1973,Litigation
299,Benjamin,R,Ogisu,NQ974769A,4/1/1989,Customer Relations
300,Reed,T,O'Dell,JE867385N,12/5/1988,Commercial
301,David,Oliver,O'Connell,FO013164N,10/26/1984,Commercial
302,Russell,M,O'Brien,SN378418K,7/3/1987,Customer Relations
303,John,N,Nusbaum,CU053770Z,1/30/1970,Commercial
304,Jan,S,Northup,GL352461M,6/2/1994,HR
305,Katie,L,Northup,EI773597N,1/1/1976,Litigation
306,Michael,T,Norred,VY344666Q,2/14/1973,HR
307,Nitin,S,Norman,YL280197G,11/17/1971,Customer Relations
308,Barbara,S,Norman,ZX277642G,4/25/1973,HR
309,John,Y,Nixon,BV693107P,8/16/1974,Commercial
310,Stefen,A,Niswonger,TD326743U,6/4/1990,Customer Relations
311,Shane,S,Nilson,PO986868U,3/19/1980,Litigation
312,Yvonne,S,Newman,MA704603Y,10/28/1966,Commercial
313,Douglas,B,Netz,BI497635U,8/20/1988,Commercial
314,Janeth,M,Netz,QT705015A,7/20/1992,Commercial
315,Robert,J,Nelson,BT127773T,10/21/1988,HR
316,Lionel,C,Nelsen,HB974593A,1/28/1984,Commercial
317,Brenda,M,Nayberg,AT068413R,8/6/1970,HR
318,Alejandro,E,Nayberg,FK412435X,3/3/1968,Commercial
319,Fred,T,Nay,QT065223B,5/9/1978,HR
320,Kevin,H,Nay,WM377821Y,7/19/1982,Litigation
321,Shammi,G,Nash,FD722425V,12/22/1973,Commercial
322,Rajesh,M,Nartker,DL241260J,12/25/1986,Customer Relations
323,Lorraine,O,Naik,TC747154A,2/4/1968,Litigation
324,Paula,R,Myer,EV425656A,2/22/1974,Litigation
325,Frank,T,Myer,MF131630A,3/25/1966,Litigation
326,Brian,T,Myer,QL335773M,1/13/1981,HR
327,Tawana,G,Murray,DV133384W,12/28/1968,Customer Relations
328,Ken,L,Munson,HE302442A,5/8/1984,Litigation
329,Gabe,B,Munson,ZR201165E,12/15/1983,HR
330,Lori,A,Mungin,QK413164O,5/28/1974,HR
331,Stuart,V,Mughal,GQ191515V,2/3/1977,Litigation
332,Greg,F,Mu,IH855972V,12/25/1980,Commercial
333,Scott,R,Mu,RG891802K,3/15/1973,Litigation
334,Kathie,E,Moya,RT865071I,11/23/1969,Customer Relations
335,Belinda,M,Moseley,OO901382E,1/16/1978,Litigation
336,Hazem,E,Moschell,PS174139K,6/22/1980,Customer Relations
337,Peng,J,Morris,VZ793188E,8/19/1988,HR
338,Sootha,T,Moreland,QV908864M,10/30/1992,HR
339,Andreas,T,Moreland,MA481305D,2/19/1979,Litigation
340,Mark,L,Moore,VV390002B,6/12/1988,HR
341,Sean,P,Montera,PP231982D,3/30/1991,Commercial
342,Zainal,T,Monroe,HV380638H,6/6/1987,Commercial
343,Tengiz,N,Monitor,LW480118E,10/14/1969,Litigation
344,Sean,N,Mohan,JC858494R,1/5/1992,Customer Relations
345,Karen,R,Mohan,DC832738B,3/29/1982,HR
346,Chris,K,Mohamed,OU590956H,4/3/1986,HR
347,A. Scott,,Mohamed,GT465836X,6/25/1981,Commercial
348,Sairaj,L,Moeller,YW255202U,9/24/1966,Commercial
349,William,S,Moberly,LD739472L,9/8/1972,Commercial
350,Alan,J,Mitzner,EX899747K,6/30/1976,Litigation
351,Brian,P,Mitosinka,RN784976R,12/19/1980,Commercial
352,Gary,E.,Mitchell,DS461161I,7/3/1970,Commercial
353,Christian,E,Mitchell,BS152109T,6/3/1975,Customer Relations
354,Lori,K,Mitchell,YC308367R,7/4/1994,Customer Relations
355,Stuart,J,Mitchell,MY265997G,2/23/1969,Commercial
356,Jo,L,Mirchandani,OM317296T,8/8/1978,Commercial
357,Pat,H,Miller,JZ434553U,4/30/1969,Commercial
358,Magnus,E,Miller,EN414668R,6/30/1992,Customer Relations
359,Laura,F,Miller,BG795949J,4/27/1985,Litigation
360,Paula,M,Miller,RO458140Z,4/29/1980,HR
361,Grant,N,Miller,FC809920G,7/17/1978,Litigation
362,Hao,O,Miller,OR531046E,1/16/1994,HR
363,Vidur,X,Miller,JP411357Y,10/18/1975,Commercial
364,Mindy,C,Miller,GA466687Y,5/14/1988,HR
365,Willis,T,Miller,HN573501H,7/26/1994,Commercial
366,David,J,Miksovsky,ML625768E,3/4/1990,Commercial
367,Deborah,E,Miksovsky,LS912542K,2/6/1987,Commercial
368,Candy,L,Michaels,GF530701X,6/27/1969,Customer Relations
369,Bryan,A,Michaels,RN825315C,1/5/1973,Litigation
370,Barbara,C,Meyyappan,AN014490R,11/6/1980,Commercial
371,Dragan,K,Meyyappan,TV034945G,5/17/1988,Customer Relations
372,Janet,L,Meyerhoff,FE625535E,8/1/1966,HR
373,Mike,K,Meyer,MC951662Y,6/29/1975,Commercial
374,Wendy,Beth,Meyer,WE401729U,1/7/1971,HR
375,Sheela,H,Meyer,XA891755K,6/14/1986,Commercial
376,Mikael,Q,Mew,NU999501V,4/30/1984,Commercial
377,Arvind,B,Metters,JS468857P,11/15/1989,Litigation
378,Linda,P,Metters,FG951157H,4/1/1973,Customer Relations
379,Fukiko,J,Meston,LC738995I,7/19/1993,Litigation
380,Gordon,L,Mensa-Annan,QR395033M,2/19/1970,HR
381,Frank,S,Mendoza,WH382370Y,3/2/1975,Litigation
382,Eric,S,Mendiola,ED548914R,5/6/1971,HR
383,Erin,M,Mello,XB107410S,4/26/1984,Customer Relations
384,Ben,T,Meisner,TZ002400W,7/8/1993,Commercial
385,Annette,L,Medina,IT910911A,6/30/1990,Customer Relations
386,Reinout,N,McPhearson,FI315787C,9/5/1993,HR
387,David,M,McLin,GZ994931E,1/11/1992,HR
388,Jean,E,McKay,JB612407R,10/17/1970,Commercial
389,Stephanie,A,McKay,GE277484F,12/15/1980,Litigation
390,Ashvini,R,McGuigan,WI721894A,5/12/1982,HR
391,Peter,I,McGuel,UQ119108H,10/5/1971,Customer Relations
392,Karen,A,McGuel,XC810535S,11/18/1989,Litigation
393,Ramesh,V,McDonald,CX278290I,10/11/1970,HR
394,Dan,K,McCoy,LP361658E,7/2/1980,Customer Relations
395,François,P,McCormick,ZZ190870C,11/6/1986,Customer Relations
396,Dan,B,McClane,KU337184G,4/13/1989,Litigation
397,Janaina,Barreiro Gambaro,McCarty,XP505337A,5/22/1971,Litigation
398,Brian,S,McCarthy,QU557193Y,2/21/1987,HR
399,Stephen,Y,McAskill-White,RX789100Q,10/3/1970,Litigation
400,Michael,G,McAskill-White,RS927157J,5/5/1981,Customer Relations
401,Linda,C,McArthur,EI419946T,4/4/1969,Commercial
402,Jillian,,Mcanich,UX474816F,11/27/1990,Customer Relations
403,Garrett,R,Mays,FT689932J,5/20/1987,Litigation
404,Tsvi,Michael,Maynard,FN036248B,3/3/1977,Litigation
405,Pamela,O,Maxwell,RU951866R,6/18/1974,Customer Relations
406,Shu,K,Maxwell,SR362266V,1/9/1990,Litigation
407,José,Edvaldo,Maxham,RL435359X,8/14/1970,Customer Relations
408,David,R,Matthews,TA863789V,7/9/1978,Customer Relations
409,Tete,A,Matthew,PA932486V,5/22/1983,Customer Relations
410,Syed,E,Masters,MJ843308N,1/6/1970,Customer Relations
411,Lynn,N,Masters,MT512632V,1/7/1992,Customer Relations
412,Amy,E,Martinez,OD987215V,3/18/1989,HR
413,Rachel,B,Martinez,WK460711V,5/5/1981,Customer Relations
414,Jae,B,Martin,ZD941742P,11/12/1978,Commercial
415,Ranjit,R,Martin,XA759113Q,5/8/1985,Customer Relations
416,Gustavo,,Martin,PM738207F,8/22/1978,Commercial
417,Catherine,R.,Martin,XK246298Y,11/8/1977,Commercial
418,Kim,,Martin,SM648450B,6/4/1979,HR
419,Humberto,,Mart¡nez,JT506640Q,12/9/1976,Commercial
420,Pilar,,Marshall,HX169668W,9/26/1987,HR
421,Frances,B.,Marple,TK078062A,3/29/1989,Customer Relations
422,Margaret,J.,Markwood,YP392968R,12/12/1968,HR
423,Carla,J.,Margheim,CF535147Y,5/14/1975,Commercial
424,Jay,,Mares,HB088806R,5/31/1981,Commercial
425,Ronald,L.,Marcovecchio,SO823066V,10/8/1974,Litigation
426,Samuel,N.,Manzanares,DB735153E,4/10/1973,Commercial
427,James,T.,Manek,QT117183M,5/3/1983,HR
428,Robert,E.,Manchepalli,OD163776Z,1/4/1980,HR
429,François,,Malmendier,XZ778036J,4/24/1994,Litigation
430,Kim,,Male,VO952887H,4/1/1968,Customer Relations
431,Lili,J.,Magenheimer,LZ303136T,5/16/1988,Customer Relations
432,Amy,E.,Macrae,BW549856D,5/4/1993,HR
433,Anna,A.,MacDonald,JD765454P,7/12/1992,HR
434,Milton,J.,Maccietto,DQ968355Y,12/14/1971,HR
435,Paul,L.,Lysaker,PD121387O,11/29/1970,Litigation
436,Gregory,F.,Lyon,GQ825824F,4/26/1988,Litigation
437,J. Phillip,L.,Lynn,KA094369B,8/4/1992,Customer Relations
438,Michelle,,Lyeba,OF228274B,10/20/1969,Litigation
439,Sean,P.,Luthra,VY548298A,7/20/1989,HR
440,Phyllis,A.,Lutes,XX282193X,3/15/1984,Litigation
441,Marvin,N.,Lunt,AM389744Z,5/13/1981,HR
442,Michael,,Lundahl,CH732575C,1/17/1966,Commercial
443,Cecil,J.,Lum,RW939812U,12/4/1975,Litigation
444,Oscar,L.,Lugo,DO760198D,10/1/1992,HR
445,Sandra,J.,Lugo,FV334187Q,1/13/1968,Litigation
446,Selena,R.,Lucerne,SV391365I,12/20/1968,Customer Relations
447,Emilio,R.,Low,IK109652D,4/23/1980,Litigation
448,Maxwell,J.,Los,IG303877I,12/15/1967,Litigation
449,Mae,N.,Looney,NY562205I,3/31/1968,Customer Relations
450,Ramona,J.,Long,FB281622L,7/11/1983,Litigation
451,Sabria,B.,Loh,OT388491J,5/3/1968,Litigation
452,Hannah,R.,Loh,DX857348T,9/22/1993,Litigation
453,Kyley,J.,Logan,YK299671S,10/30/1968,Customer Relations
454,Tom,H,Lloyd,AE172910T,1/2/1982,Customer Relations
455,Thomas,B.,Liu,IV804145B,7/4/1976,Commercial
456,John,,Liu,LB115338X,10/12/1984,HR
457,Chris,,Liu,EB849975G,6/29/1969,Customer Relations
458,Teresa,,Liu,SS895505X,7/31/1983,Commercial
459,John,P.,Liu,IG984734N,6/1/1989,Litigation
460,Robert,A.,Liu,BS417253U,8/7/1974,HR
461,Stephen,M.,Liu,OO693358C,10/8/1977,Customer Relations
462,Phillip,M.,Lisboa,RV734689W,10/3/1991,Litigation
463,Daniel,,Lique,CE504957Y,9/15/1970,HR
464,Cory,K.,Li,BF263556G,7/22/1969,Customer Relations
465,James,B.,Li,RW787242S,6/1/1984,Litigation
466,Douglas,A.,Li,LD051552J,12/17/1966,Commercial
467,Jennifer,B.,Li,ZP169990P,10/22/1978,Commercial
468,Alberto,F.,Li,PH627942X,5/9/1983,HR
469,Wayne,N.,Li,LR632888Y,11/19/1979,Customer Relations
470,Darrell,M.,Lewin,AA753502Z,11/7/1983,Litigation
471,Angela,,Lew,DP162239S,7/16/1981,Customer Relations
472,David,,Levy,AD739789P,4/2/1988,Customer Relations
473,Robert,L.,Leste,ZL807502G,11/21/1987,Customer Relations
474,Rebecca,R.,Lesko,XY066789O,8/15/1980,HR
475,Brenda,L.,Lertpiriyasuwat,OX063036T,1/25/1973,Customer Relations
476,Josh,,Lepro,BQ418570C,4/1/1984,Commercial
477,Adam,,Leonetti,IC950969A,4/8/1976,Customer Relations
478,Norma,N.,Lengel,MC298688B,11/26/1984,Litigation
479,Gytis,M,Lenehan,ML504580S,12/30/1983,Customer Relations
480,David,M.,Lee,IK355399G,12/5/1978,Customer Relations
481,Karel,E.,Lee,MM642665F,9/21/1990,Commercial
482,Ciro,J.,Lee,OV918602K,5/19/1989,HR
483,Glenna,L.,Lee,UK606794C,1/10/1984,Litigation
484,Shaun,,Lee,UJ956617V,9/21/1971,Commercial
485,John,A.,Lee,XL206332Q,10/10/1987,Litigation
486,Christopher,R.,Leavitt,OJ335186Z,9/26/1992,Customer Relations
487,Bradley,,Lawrence,VW409481Z,11/1/1981,Customer Relations
488,Benjamin,J.,Lawrence,UL490289V,3/24/1982,HR
489,Ann,,Laursen,ML239816R,1/10/1985,HR
490,Shane,J.,Laszlo,DB200707G,6/10/1968,HR
491,Stanley,A.,Laszlo,HT222029N,5/22/1994,HR
492,Mason,,Lang,UC308707O,12/27/1982,Customer Relations
493,John,M.,LaMee,RY581475Z,5/31/1984,Commercial
494,Ido,,Kurtz,TI934184F,6/16/1983,Litigation
495,Edna,J.,Kurniawan,AX181113H,11/8/1972,HR
496,Payton,P.,Kurjan,SQ858495C,9/8/1983,Customer Relations
497,Max,,Kuppa,FT496384S,11/10/1972,Commercial
498,Scot,A.,Kuppa,QO421481E,9/23/1973,HR
499,Richard,M.,Kung,WY331240J,9/24/1968,HR
500,Marian,M.,Kumar,DD034599A,7/3/1969,HR
501,Karen,,Krupka,AA092966H,3/4/1971,Customer Relations
502,Alexander,J.,Krow,ZR523370N,1/26/1986,Commercial
503,John,M.,Krebs,PZ223650Z,7/10/1967,Customer Relations
504,Kris,R.,Krapauskas,WL185462X,2/22/1993,HR
505,Andreas,,Krane,KC364518K,4/20/1967,Commercial
506,Robert,M.,Krane,VF101652N,12/8/1982,Commercial
507,Matthias,,Krane,CD366003O,6/22/1986,Commercial
508,John,,Kramer,QM733879R,8/10/1983,Commercial
509,Steven,B.,Kramer,EP790081Q,1/23/1979,HR
510,Chris,N.,Kozlowski,TX758837Q,5/19/1992,Customer Relations
511,Mary,B.,Kotc,YX848445P,11/16/1969,HR
512,Jimmy,,Koski,RY941529X,1/4/1987,Customer Relations
513,Mary,,Konersmann,JL125445A,4/4/1977,Customer Relations
514,Mae,M.,Komosinski,BA378412Y,12/30/1968,Commercial
515,Jackie,E.,Kogan,OA121055C,10/16/1977,Customer Relations
516,Donald,L.,Kogan,UC814878W,2/24/1993,Customer Relations
517,Linda,E.,Koenigsbauer,MO867578I,6/4/1976,Litigation
518,Michael,Greg,Koch,IY850653Q,2/3/1966,HR
519,Gabriel,L.,Koch,PR203343X,8/3/1980,Customer Relations
520,Michael,L.,Kobylinski,XB526162F,1/31/1979,Litigation
521,Corinna,,Kleinerman,JP884591C,7/27/1994,Litigation
522,Luis,,Kleinerman,AT072964T,7/19/1984,Litigation
523,Randall,,Kitt,GR568398W,1/3/1989,Litigation
524,Stephanie,,Kirilov,VV005346P,7/15/1967,Commercial
525,Eli,,King,OD868362J,6/6/1981,Commercial
526,Lester,J.,King,OL424145Q,2/27/1992,Litigation
527,David,M.,King,EM562403T,3/6/1974,Litigation
528,Cornelius,L.,Kim,SH547461U,2/14/1975,Litigation
529,Richard,,Kim,AR588249V,5/19/1980,Commercial
530,Sara,N.,Kim,PF428540N,6/23/1985,Commercial
531,Ted,,Kim,GB494717J,9/22/1983,Litigation
532,Alan,,Kim,DW374428E,10/10/1993,HR
533,Walter,J.,Kharatishvili,SY401850R,8/29/1973,HR
534,Christopher,M.,Khanna,LP248908I,9/14/1981,HR
535,Carol,J.,Khanna,LN464316D,3/22/1982,HR
536,David,J.,Khan,SJ091475J,3/13/1976,Commercial
537,John,R.,Khan,YC112572G,12/20/1969,Litigation
538,Willie,P.,Keyser,WK975922X,1/9/1992,Commercial
539,Carolee,J.,Keyser,BH575366P,9/29/1976,Customer Relations
540,Jo,,Kesterson,IZ885452F,4/5/1987,Commercial
541,Robert,,Kesslep,DA053790E,7/4/1986,Litigation
542,Kevin,F.,Kennedy,IU417597X,1/5/1966,Litigation
543,Mary,K.,Kennedy,JI437798N,1/13/1990,Litigation
544,Dave,P.,Kennedy,KG125855M,12/27/1972,Commercial
545,Bridget,E.,Kelly,EV225679S,12/31/1990,Customer Relations
546,Eric,J.,Kelly,CP233500I,9/18/1984,Litigation
547,Dick,R.,Kelley,EB748236E,10/14/1981,HR
548,Michael,,Keil,PS749076C,6/26/1978,Commercial
549,Shirley,R.,Keil,LU413342X,7/13/1992,Customer Relations
550,June,B.,Kearney,NU806505Q,10/5/1977,Commercial
551,Dirk,J.,Kearney,JY302237N,5/31/1994,Customer Relations
552,Nancy,,Katyal,TZ432377Q,8/8/1966,Litigation
553,Janaina Barreiro Gambaro,,Kane,FK473640M,4/17/1986,Litigation
554,Edward,T.,Kane,ZC198889I,5/5/1975,Commercial
555,Megan,E.,Kane,CU000756M,3/30/1980,HR
556,Ingrid,K.,Kane,ZZ096322U,5/15/1979,Customer Relations
557,Karren,K.,Kaliyath,BC393172M,12/20/1977,HR
558,Ovidiu,,Kaliyath,DW899983L,1/12/1992,Customer Relations
559,Dana,H.,Kahn,GD281881E,1/15/1973,Customer Relations
560,Timothy,B.,Kahn,TE712864H,6/24/1972,Commercial
561,Stephen,R.,Kaffer,BT291141M,4/3/1968,Customer Relations
562,Deanna,R.,Justice,UA839146Y,2/4/1981,Customer Relations
563,Jared,L.,Jordan,MM933331U,10/7/1981,HR
564,Richard,A.,Jones,UY741022G,5/28/1993,HR
565,David,J.,Jones,PE268377C,9/25/1976,HR
566,Ryan,,Johnston,MO310709T,5/3/1975,Litigation
567,Sylvia,A.,Johnston,FD421841R,9/21/1983,Customer Relations
568,Mari,B.,Johnson,LJ763046I,1/26/1971,Customer Relations
569,Barbara,J.,Johnson,EY887597V,7/31/1977,Litigation
570,Lindsey,R.,Johnson,HT036616A,7/7/1982,Litigation
571,Gustavo,,Johnson,OP712490E,9/26/1966,HR
572,DeeDee,J.,Johnson,NH051216C,1/22/1993,HR
573,Deborah,M.,Johnson,JO109984L,6/14/1985,Litigation
574,Joan,M.,Johnson,CL577863U,12/12/1982,HR
575,David,,Johnson,UE044198B,11/3/1985,HR
576,Henry,L.,Johnson,IJ858874Z,7/2/1977,HR
577,Chris,,Johnson,LD709499N,9/8/1972,Customer Relations
578,Joseph,J.,Johns,VE697429H,9/5/1981,Commercial
579,Suzana De Abreu,A.,Jiang,QN277015K,6/16/1968,Commercial
580,Jun,,Jiang,XH199027P,10/13/1982,Litigation
581,Johnny,A.,Jiang,WN538837B,9/28/1975,Customer Relations
582,Richard,,Jarvis,RM075219B,3/3/1993,Commercial
583,Carlton,M.,Jamison,QO232492T,7/9/1990,Commercial
584,Ty Loren,,Jaffe,PQ749838W,4/14/1978,Litigation
585,Jane,N.,Jacobson,QU529771V,10/26/1984,HR
586,Jovita,A.,Jacobson,VU979699E,1/9/1968,Customer Relations
587,Steve,J.,Jacobsen,MA910357F,6/13/1984,Customer Relations
588,Fernando,,Jacobs,SS308543I,6/15/1985,Customer Relations
589,Rob,,Iyer,AF975624T,6/13/1968,HR
590,Andy,,Ito,SN111190M,11/5/1979,Litigation
591,Donna,F.,Ison,XP582863W,9/12/1973,Customer Relations
592,Rosmarie,J.,Ismert,HQ903803F,2/16/1979,HR
593,Matthew,,Irwin,RH464928S,4/2/1989,Commercial
594,Joseph,N.,Ingle,KO848433G,2/16/1980,HR
595,Pamela,A.,Inghram,XZ542589P,12/20/1988,Customer Relations
596,Raul,E.,Ihrig,KA271248X,12/17/1969,HR
597,Elizabeth,E.,Iallo,VB812858T,12/14/1968,Litigation
598,Matthew,J.,Hurkett,LL552870Q,8/15/1983,Commercial
599,Brigid,F.,Huntsman,WF710155A,8/8/1971,HR
600,Andrew,,Hunter,PT897910Y,11/1/1983,Commercial
601,Stacey,M.,Hunter,BI470810Q,10/4/1985,Litigation
602,Baris,,Huff,EL414198O,3/4/1970,HR
603,Sean,,Huff,AT395208F,10/8/1980,HR
604,Pat,A.,Huckaby,MQ248519H,10/14/1974,Litigation
605,Forrest,J.,Hows,JX184557B,9/10/1972,HR
606,Lee,J.,Howard,VP556086D,6/26/1978,Litigation
607,Greg,,Howard,YF247223H,10/19/1979,Customer Relations
608,Neil,,Houston,QG100057U,3/2/1990,Litigation
609,Hao,,Homer,ZF117667J,4/11/1983,HR
610,John,Y.,Holt,KZ762573W,4/4/1990,Commercial
611,Pei,,Holmes,LV832041T,7/28/1978,Customer Relations
612,Yao-Qiang,,Holman,EE130733G,8/31/1970,Litigation
613,Nicky,E.,Holm,PM259439B,7/26/1969,HR
614,Susan,B.,Holloway,CK233497R,2/8/1970,HR
615,Martin,,Holliday,LQ325768Y,8/22/1974,HR
616,Mike,M.,Hohman,LH035506U,10/19/1980,Customer Relations
617,Ruth,A.,Hoffman,YN695394J,8/12/1993,HR
618,Anthony,,Hoeing,MZ231408Y,2/5/1990,Customer Relations
619,Charles,M.,Hodgson,VT529556Y,3/9/1970,Commercial
620,Jill,J.,Hodges,HG472500M,7/26/1990,Litigation
621,Alice,,Hite,XE233383H,4/29/1969,Customer Relations
622,Gina,N.,Hite,QL342783T,1/29/1993,Customer Relations
623,James,J.,Hirsch,LL776941A,5/13/1980,HR
624,Jane,,Hirota,NS083140M,12/17/1980,Customer Relations
625,Kristine,J.,Hink,IU949678H,8/9/1973,Commercial
626,Teanna,M.,Hines,LW342941W,11/9/1989,HR
627,Connie,L.,Hines,AI329848Y,4/17/1972,HR
628,Jeanette,R.,Hillmann,LF673573L,3/31/1969,Litigation
629,Eric,E.,Hillmann,DK446956F,12/30/1990,Customer Relations
630,Pat,,Hill,NR326938A,11/23/1968,Litigation
631,Takiko,J.,Hill,TQ540027Z,5/30/1968,HR
632,John,L.,Hill,BQ395896W,10/24/1973,Litigation
633,Scott,A.,Hill,VS999848X,10/23/1978,Litigation
634,Aaron,,Hill,JR847784V,7/22/1989,HR
635,Peter,,Highfill,HN389585K,1/29/1991,Customer Relations
636,William,J.,Higgs,XG424950K,11/27/1978,Commercial
637,Stephanie,,Higa,PV303792A,7/25/1966,Commercial
638,Amy,R.,Higa,FK288712L,3/1/1969,Litigation
639,Dorothy,J.,Heymsfield,ZH017476I,12/1/1986,Commercial
640,Patrick,M.,Hesse,ZI189922T,9/16/1989,Litigation
641,Scott,,Herring,PN239212H,7/2/1993,Litigation
642,Eva,,Herrick,HU587816X,6/6/1990,Customer Relations
643,Marlin,M.,Hernandez,UT488192J,9/30/1968,Commercial
644,Ryan,,Hernandez,RE689706T,5/29/1972,Commercial
645,Bruno,,Herman,CQ915574A,7/23/1976,Customer Relations
646,Pamela,R.,Hensien,NZ731216Z,7/16/1968,HR
647,Jack,,Henshaw,TS364568C,2/15/1976,Commercial
648,Sharon,A.,Henningsen,US796969I,6/16/1973,Litigation
649,Shelley,R.,Hendricks,DW268657H,4/24/1973,Litigation
650,Grant,,Hendergart,ON135027H,2/6/1993,Commercial
651,Scott,,Heidepriem,UO608563M,11/8/1980,Litigation
652,Conor,,Hee,GB738084S,10/24/1993,Commercial
653,Jose,M.,Hedlund,VZ649443A,9/28/1976,Litigation
654,Thierry,,Heaney,LD146751N,6/1/1991,Commercial
655,Ryan,,Hay,HC951982T,9/18/1969,Commercial
656,Mike,,Hay,MS124565S,2/24/1990,Litigation
657,Megan,N.,Haugh,LH164287S,6/5/1982,Commercial
658,Alvaro,,Hasty,EZ413320F,5/24/1988,Customer Relations
659,Jose,,Hassall,RP153572Z,5/6/1978,Customer Relations
660,Jacob,N.,Hass,DB006383D,2/9/1982,HR
661,Alexander,J.,Harui,BP003576A,6/16/1994,HR
662,Barbara,S.,Hartwig,LH785855D,5/12/1981,HR
663,Kirk,,Hartwig,DG489568Z,8/4/1979,Litigation
664,Aidan,,Harrison,UI418492M,5/24/1985,Commercial
665,Stefan,,Harris,SL629898L,3/15/1969,Commercial
666,Shawn,R.,Harrington,EB760326K,8/4/1992,Litigation
667,Della,F.,Harrington,AK411667K,6/22/1986,Commercial
668,Bruno,,Harrington,EV799157V,9/5/1969,HR
669,Helen,J.,Harnpadoungsataya,QW486740W,3/13/1968,Commercial
670,Prashanth,,Harding,CR188632Z,8/11/1966,Commercial
671,Bev,L.,Hapke,GJ549594M,10/19/1990,Commercial
672,Brenda,,Hanson,ZK472103M,4/28/1991,Commercial
673,Gabriele,,Hanson,FQ835059K,4/18/1968,Customer Relations
674,Holly,,Hanif,WV136244R,10/1/1984,Customer Relations
675,Dick,,Handley,FR134833L,8/18/1982,Customer Relations
676,Rudolph,J.,Hamilton,JS104285S,5/8/1988,Customer Relations
677,Andrew,,Hamilton,QL427593N,4/16/1993,Customer Relations
678,Blaine,,Hamilton,YC310371H,12/13/1979,Litigation
679,Cindy,M.,Hamilton,TL477741O,8/29/1982,Litigation
680,John,T.,Hall,IV677011Y,10/22/1979,Commercial
681,Patricia,,Hall,XS989571N,2/7/1971,Litigation
682,Gerald,M.,Hall,TN436753L,11/20/1984,HR
683,Gary,T.,Haines,KW342203B,11/7/1976,HR
684,Reuben,,Hagens,DD040409Z,2/22/1981,Litigation
685,Ed,,Hagens,KJ889513Q,12/10/1988,Customer Relations
686,Bernard,,Hagemann,MD323500K,7/10/1975,Customer Relations
687,Tish,R.,Haemon,JT930142C,8/20/1985,Customer Relations
688,Adrian,,Gustafson,RH559675J,12/31/1980,Commercial
689,Bart,,Gubbels,RC955115S,4/14/1979,Customer Relations
690,Maciej,,Groth,YN117017P,6/9/1972,HR
691,Shelley,,Groncki,TK712592P,9/17/1991,Commercial
692,Linda,R.,Grisso,BC706301L,7/5/1967,Commercial
693,Carla,L.,Greer,XB116741H,9/14/1966,Commercial
694,Carol,B.,Grande,OR427904S,1/7/1992,Commercial
695,Shannon,P.,Graham,NR524743U,5/2/1989,HR
696,Jauna,E.,Graham,UL698420H,8/24/1970,HR
697,Michael,,Graff,LT444834P,9/4/1986,Litigation
698,Terry,,Gonzalez,AI583817X,6/10/1984,HR
699,John,,Gonzales,HO179246C,9/15/1990,Commercial
700,Gail,,Gonzales,IZ451671E,1/22/1969,Litigation
701,Mark,B,Goldstein,KD187611U,7/11/1987,HR
702,Martha,R.,Goldstein,EQ251630C,11/7/1984,HR
703,Julie,P.,Goldberg,TQ345254N,6/20/1984,HR
704,Janeth,,Goldberg,OP165422R,2/8/1986,Customer Relations
705,Twanna,R.,Goktepe,ZA611661R,3/3/1987,Litigation
706,Ann,R.,Gode,DZ062842U,3/10/1992,Commercial
707,John,,Gode,YB590077J,1/16/1984,Customer Relations
708,Marc,,Glynn,KS838958J,10/15/1986,Commercial
709,Fadi,,Glimp,OJ800662I,3/21/1966,HR
710,Carolyn,,Glimp,UV674020D,12/27/1993,Customer Relations
711,Geri,P.,Glenn,UE285991P,7/12/1968,HR
712,Hanying,,Givens,DB888182Z,11/24/1988,HR
713,Rhoda,J.,Gimmi,BT076152W,8/8/1969,Commercial
714,Duane,R.,Gilliat,GB898171D,9/26/1967,Customer Relations
715,James,,Gilbert,FA546673V,7/22/1972,Litigation
716,Kathie,,Gilbert,FV815626I,7/31/1982,HR
717,Jay,,Giglio,KG369396Y,4/18/1978,HR
718,Kelly,,Gibson,MW153299W,3/25/1969,Commercial
719,Jeffrey,L.,Gibbens,DY475874Q,4/14/1982,Commercial
720,Garth,,Giakoumakis,NR575034J,11/1/1976,HR
721,Dorothy,J.,Getzinger,FM694620V,12/16/1982,Litigation
722,Judith,B.,German,DJ490978F,6/28/1983,HR
723,John,,Geist,AM785365Q,1/27/1973,Customer Relations
724,Susan,E.,Gehring,KQ866510T,1/24/1969,HR
725,Liam,J.,Gee,KV851477M,8/22/1976,HR
726,Mihail,,Gates,YK890654M,9/6/1991,Commercial
727,John,,Gash,VW269874Q,6/7/1992,Customer Relations
728,Paul,J.,Garza,KI099204T,1/20/1993,Litigation
729,Don,,Ganio,QF618345L,4/13/1988,Litigation
730,Bob,,Galvin,SG334481B,12/24/1993,Commercial
731,Aldeen,J.,Galos,LX713615Q,12/4/1972,HR
732,Michael,,Gallagher,ZY165724E,9/10/1973,Litigation
733,Jon,,Gage,ST988147E,2/17/1990,Commercial
734,Kathleen,M.,Funk,TV412821X,7/25/1968,Commercial
735,Dominic,P.,Fulton,EZ546183D,8/6/1989,Litigation
736,Janet,M.,Frum,AS485957B,1/12/1974,Commercial
737,Orlando,N.,Frintu,DW444637N,1/10/1969,Commercial
738,Darren,,Frintu,BE852188F,8/25/1991,Litigation
739,Jim,,Friedland,CG965036W,1/4/1985,Customer Relations
740,Barbara,J.,French,SC997683F,8/1/1966,HR
741,Tom,,Fredericksen,VR879640P,11/14/1984,Customer Relations
742,Leo,,Frazier,FN405228Z,1/15/1986,Litigation
743,Cornett,L.,Fox,AE297387U,7/19/1987,HR
744,Frances,J.,Fort,EQ897371P,1/12/1990,HR
745,Guy,,Ford,DD510547I,1/30/1973,Litigation
746,Janet,J.,Ford,FF996444A,12/19/1969,Litigation
747,Mary,M.,Ford,AS086301U,3/8/1979,Customer Relations
748,David,L.,Focht,WQ966753T,10/11/1992,Customer Relations
749,Jeanie,R.,Fluegel,JS072372R,8/12/1985,Customer Relations
750,Diane,R.,Flood,MO877724D,2/14/1980,Litigation
751,James,R.,Flood,IZ753930W,9/28/1990,Customer Relations
752,Scott,,Fitzgerald,OX259252D,7/3/1971,Litigation
753,Mete,,Fitzgerald,QZ629988J,6/11/1968,Litigation
754,Jossef,,Finley,GY814337G,8/31/1968,HR
755,Brian,R,Fine,AT719226J,11/2/1990,HR
756,Lynn,A.,Ferrier,SS765073G,12/3/1979,Customer Relations
757,Linda,L.,Feng,HJ583699Y,10/11/1968,Litigation
758,Abigail,J.,Feng,ZK994906D,2/21/1982,HR
759,Michael,,Fatima,EO528152G,9/29/1975,Customer Relations
760,Derek,,Farrell,WH424738Z,3/22/1978,Commercial
761,Lowell,J.,Farino,KM825069G,12/12/1976,Customer Relations
762,Jon,,Fakhouri,GP437969C,12/9/1993,Commercial
763,Jane,P.,Fakhouri,IS891324F,9/20/1966,Customer Relations
764,Geoff,,Faeber,UU518070I,2/26/1994,Commercial
765,Douglas,,Evans,YB540014J,5/28/1966,Customer Relations
766,Brian,,Evans,RJ153101B,5/12/1987,HR
767,Faith,M.,Evans,VV517165Q,11/23/1967,Litigation
768,Greg,,Evans,VU019115F,4/25/1975,HR
769,Hattie,J.,Esteves,ML852400Y,7/24/1979,Commercial
770,Matthew,M.,Esteves,QJ206149V,9/18/1987,Customer Relations
771,Erin,M.,Estes,VM278087S,8/8/1979,Litigation
772,Betty,M.,Espinoza,UE977206C,6/13/1969,Commercial
773,Karen,E.,Ersan,XL353965B,3/18/1993,Customer Relations
774,Don,,Erickson,WA136017D,7/6/1969,Customer Relations
775,Bryan,,Erickson,ES552868E,7/20/1985,Customer Relations
776,Don,,Erickson,WF360373T,12/7/1985,Litigation
777,Kerim,,Entin,FF575169Q,10/20/1985,Commercial
778,Jean,P.,Emory,VL874510S,8/28/1969,Litigation
779,Mark,,Eminhizer,FK550301X,7/21/1983,Commercial
780,William,J.,Eminhizer,WK079486E,2/14/1985,Commercial
781,Katherine,,Emanuel,IX616583B,7/10/1991,HR
782,Kimberly,Beth,Elson,DR431102V,4/16/1967,HR
783,Lucy,,Elliott,PT037377G,6/18/1976,Litigation
784,Keith,,Elliott,MU100049N,1/28/1973,Customer Relations
785,Doris,,Ellerbrock,PN481767O,7/27/1976,Customer Relations
786,Roger,,Eldridge,NI121117N,11/17/1993,Litigation
787,Ann,T.,Ecoffey,NH169655D,12/13/1985,Commercial
788,Mark,,Eaton,AG643251A,5/10/1987,HR
789,Neal,B.,Earls,GX130089Z,3/9/1967,HR
790,James,B.,Dyck,EH038635B,7/6/1974,Litigation
791,Jeff,,Dyck,MO052143H,3/6/1993,HR
792,Brenda,F.,Dusza,XM478862D,7/6/1989,Customer Relations
793,James,,Dusza,OC901729F,6/2/1983,HR
794,John,,Duncan,ZS804557F,1/20/1972,Commercial
795,Valerie,M.,Dumitrascu,OC245942I,3/8/1966,Customer Relations
796,Jay,,Duffy,WM219805K,5/3/1986,Commercial
797,Jeff,D.,Duff,EP757177T,2/5/1979,HR
798,Kari,,Duerr,WE355593V,1/19/1977,Commercial
799,Deena,J.,Dudenhoefer,LW679047C,10/10/1969,Litigation
800,Irene,J.,Dudenhoefer,HB341698V,6/12/1991,Commercial
801,Jésus,,D'sa,RR719790R,6/6/1970,HR
802,Pam,L.,D'sa,SA681576X,7/19/1968,Litigation
803,Cheryl,M.,Drury,TZ319123H,4/5/1971,Customer Relations
804,Ronald,K.,Drury,ZY370386O,5/9/1984,HR
805,Sidney,,Doyle,WV012537P,6/7/1968,Commercial
806,Onetha,F.,Donovan,MB966307T,12/24/1968,Litigation
807,Fran,P.,Dodd,HV521753V,1/17/1994,Commercial
808,Geneva,T.,Dockter,WV306463O,5/10/1984,Litigation
809,Andrew,R.,Dobney,DQ638833D,10/12/1968,Customer Relations
810,Reinout,,Dixon,IX541279Y,5/27/1969,Commercial
811,Mike,,Dillon,IE179533K,8/16/1991,Litigation
812,Matthew,,Dievendorff,BT888025Y,7/7/1990,HR
813,Nancy,E.,Dickson,EO572416F,8/8/1967,HR
814,Rose,,Dickmann,ZK421961M,12/3/1988,Litigation
815,Douglas,,Diaz,NY665596H,7/21/1991,Customer Relations
816,David,,Diaz,PQ731330H,7/12/1968,Customer Relations
817,Helge,,D'Hers,HF292500Y,11/10/1971,Commercial
818,Barbara,,D'Hers,NA962923G,3/17/1975,Customer Relations
819,Holly,J.,Desalvo,CS089524H,6/14/1975,HR
820,Bob,,Desai,ZO733826O,2/8/1967,Customer Relations
821,Jean,J.,Dennis,GQ127982S,4/3/1970,Customer Relations
822,Michael,,Deniut,AW340943Y,12/23/1965,Commercial
823,Eddie,M.,Dempsey,VL564294F,12/23/1988,HR
824,Juanita,J.,Demott Jr,YB374927Q,2/22/1993,Litigation
825,Peter,,Demicell,UV758261L,1/29/1969,Commercial
826,Curtis,P.,Delmarco,TD154336M,8/25/1980,Commercial
827,Joe,,Delaney,EF019812K,1/15/1973,Litigation
828,Janice,K.,DeGrasse,PS707188Q,5/9/1991,Customer Relations
829,George,M.,Decker,JR258286T,12/10/1987,HR
830,Joshua,J.,Decker,SW412089P,2/8/1977,Customer Relations
831,Arlene,,Deborde,KP591750Q,11/3/1973,Litigation
832,Matthew,M.,Dean,UT893981K,6/7/1973,Commercial
833,Phyllis,R.,De Oliveira,KO271711Z,12/18/1985,Commercial
834,Lawrence,E.,De Matos Miranda Filho,RV578001Y,1/18/1986,Commercial
835,Ryan,,Davis,NR763814V,7/25/1978,HR
836,Beth,,Danseglio,NN119507C,3/3/1974,HR
837,Lucio,,Danner,PN248596C,11/25/1991,Litigation
838,Richard,L.,Curry,JC132862O,10/23/1971,HR
839,Erik,,Cunningham,FU247247R,11/1/1985,Litigation
840,Denean,J.,Culp,KV572963U,2/7/1968,Commercial
841,Raman,,Culbertson,SM192882A,5/9/1976,HR
842,Bronson,R.,Culbertson,OL321826D,12/18/1991,Commercial
843,Eric,A.,Crow,RX043263L,11/22/1992,Litigation
844,Jodan,M.,Crow,JS990893H,1/1/1982,Commercial
845,Mary,,Creasey,XH029883M,4/14/1992,Customer Relations
846,David,,Creasey,FN364472Y,2/6/1983,Customer Relations
847,Jay,,Cracium,ZI252299Y,1/20/1989,Customer Relations
848,Vance,P.,Cox,RM930253Q,10/27/1981,HR
849,Joyce,,Costa Da Silva,OD525358Z,7/1/1966,Commercial
850,George,,Cornelsen,GT421636Z,9/28/1992,Customer Relations
851,Stephen,Yuan,Cornelsen,WV968366H,7/3/1975,Commercial
852,Samuel,A.,Coriell,FD539420G,2/21/1971,Commercial
853,Danielle,B.,Corets,WM665248C,9/6/1967,HR
854,Greg,M.,Cooper,HD035994C,4/22/1981,Customer Relations
855,Barry,,Cook,QI027445C,5/12/1973,Commercial
856,Brian,,Cook,IC095368B,8/17/1975,Commercial
857,David,,Contreras,BW538952D,2/14/1966,HR
858,Willis,,Consentino,NL592413U,1/19/1992,Litigation
859,Tamara,,Conroy,QD465808H,6/1/1993,Commercial
860,Robert,E.,Conroy,PI982460T,3/29/1966,Customer Relations
861,Brannon,,Conner,YZ059063O,2/13/1969,HR
862,Jean,,Connelly,ZP579499H,7/29/1972,Litigation
863,Peggy,J.,Connelly,AM287275T,5/25/1992,HR
864,Diane,F.,Con,UQ101773P,10/23/1969,Commercial
865,Scott,B.,Colvin,ZK296758B,4/16/1974,Litigation
866,Sandra,T.,Colon,QS075329C,4/10/1984,Commercial
867,Wendy,,Collins,YT537866S,8/23/1990,HR
868,Sandeep,,Coleman,NE919608H,1/25/1967,Litigation
869,John,,Coleman,PO814611M,1/26/1982,Customer Relations
870,Lori,,Coleman,MF928236E,3/25/1973,HR
871,Judith,F.,Cole,XL741951S,12/23/1967,HR
872,Kay,E.,Coffman,MO489812S,4/23/1987,Customer Relations
873,Sandeep,,Cobb,MB137327I,6/26/1983,Commercial
874,Bonnie,,Cleary,NL557588U,1/12/1968,Litigation
875,Kendall,,Clayton,NJ465915Y,7/10/1989,HR
876,Victor,A.,Clark,VQ816755F,12/17/1967,Commercial
877,John,,Clark,HW416005V,3/9/1971,Litigation
878,Robert,,Clark,PH159892Y,4/8/1987,Commercial
879,Kevin,,Ciccu,UH143528H,8/14/1989,Commercial
880,Mary,R.,Christie,TS864299C,8/22/1966,Commercial
881,Alice,L.,Christensen,WL412770A,12/1/1978,Litigation
882,Elizabeth,,Chow,GL372110U,10/29/1978,Litigation
883,Tammy,J.,Chor,PN321622E,3/11/1989,Commercial
884,Imtiaz,,Choin,IM360816K,7/8/1992,Customer Relations
885,Karan,,Choi,CW160173W,6/2/1993,Litigation
886,Joe,,Chisholm,PM116967G,9/9/1977,Litigation
887,Jim,,Chestnut,IH165335T,4/6/1975,Litigation
888,Shane,S.,Chesnut,TJ301275X,2/6/1982,Customer Relations
889,Tim,,Cheng,JR033569Z,12/23/1965,Customer Relations
890,Russell,,Chen,BL434104I,4/26/1991,Commercial
891,Anton,,Chen,UM399097K,4/2/1984,HR
892,Christian,,Chen,HT704666O,1/15/1967,Litigation
893,Andrew,P.,Chen,QS514676W,6/3/1984,HR
894,Reed,,Charney,TF586293I,5/1/1973,Commercial
895,Jim,,Charncherngkha,IV852710G,11/1/1982,HR
896,Kirk,T,Chapman,XM748493Q,3/6/1994,Commercial
897,Eugene,,Chapla,FC620857J,8/13/1979,Litigation
898,Scott,,Chandler,RA621538F,4/13/1980,Litigation
899,Joy,R.,Chambers,EU431274W,4/28/1987,Litigation
900,Pamala,M.,Chai,MH871797N,6/28/1982,Customer Relations
901,Edward,J.,Chai,PJ827158B,3/5/1981,HR
902,James,D.,Cetinok,EM869719G,2/2/1971,Customer Relations
903,Mitch,,Cetinok,EG633367E,11/12/1966,Commercial
904,James,J.,Cereghino,RR814142C,4/6/1971,Litigation
905,Margaret,T.,Cencini,NL316974X,3/2/1979,Commercial
906,Deepak,,Cencini,ID556557W,5/24/1976,Litigation
907,Jeffrey,B.,Cavendish,FX703834R,2/20/1975,Litigation
908,Vamsi,,Cavallari,EK840240N,5/25/1977,Customer Relations
909,Jeffrey,,Catalano,XR562198A,9/24/1968,Customer Relations
910,Peter,,Casts,RY828015H,12/17/1990,Customer Relations
911,Eric,,Castellucio,GV125669J,9/14/1967,Customer Relations
912,Rebecca,,Carson,HN588342U,12/15/1993,Commercial
913,Cecilia,M.,Carroll,AR555062L,10/8/1970,Customer Relations
914,David,O,Carroll,DQ994867A,10/2/1988,Customer Relations
915,Elsa,,Carreras,CV429909H,9/23/1972,Customer Relations
916,Michael,J.,Carothers,RM075276K,3/31/1981,Litigation
917,Marjorie,M.,Caron,HY491346E,6/19/1984,Customer Relations
918,Frank,,Caron,AT730000T,12/3/1986,HR
919,Mark,,Caro,DL233107M,6/16/1973,HR
920,Robertson,,Carnes,AB391959V,4/17/1989,Customer Relations
921,Jolie,,Carmody,WV338491B,7/23/1987,Commercial
922,Roger,,Carmichael,CM280128A,11/11/1989,Customer Relations
923,A.,Francesca,Carlson,IC998890Z,7/18/1979,Customer Relations
924,Bonnie,B.,Carlson,CW530473L,11/9/1993,HR
925,Gloria,J.,Carlisle,GN512130S,11/14/1969,Customer Relations
926,Linda,,Carey,XQ488947P,6/15/1985,HR
927,Steven,B.,Caprio,AT263241E,7/23/1967,Customer Relations
928,Judy,,Cao,FZ597241G,3/31/1986,HR
929,Elsie,L.,Cao,FJ830889V,10/6/1967,HR
930,George,Z.,Canuto,NZ570367P,4/2/1993,Litigation
931,Yale,,Cantoni,ZX962586Q,6/15/1966,Commercial
932,Yan,,Cannon,QV386571J,1/30/1993,HR
933,Yuhong,,Campen,TY021808Y,11/2/1988,HR
934,Joseph,M.,Campbell,CJ118282P,10/15/1967,Litigation
935,Paulo,H.,Campbell,SB059408C,9/28/1991,HR
936,David,J.,Campbell,XH914839Q,11/19/1978,HR
937,Jinghao,,Campbell,OS307560A,9/28/1980,Customer Relations
938,Kevin,,Campbell,HF793478M,6/28/1973,Commercial
939,Run,,Cameron,SI872041P,5/4/1978,Customer Relations
940,Todd,R.,Camargo,JS047760H,2/27/1966,Customer Relations
941,Kok-Ho,,Camacho,ZS021650O,8/27/1971,Litigation
942,John,K.,Calone,FE488614X,4/19/1968,HR
943,Sharon,J.,Caldwell,HL383458H,2/1/1975,Litigation
944,Jeremy,,Caldwell,UX791724M,7/14/1986,Customer Relations
945,Spencer,,Calafato,MM769083B,6/22/1992,Litigation
946,Anita,R.,Byrnes,DC538794T,8/28/1989,Customer Relations
947,Jose,,Byham,PK328269A,6/7/1981,Litigation
948,Richard,,Bustamante,QV164866Z,6/4/1982,Litigation
949,Judy,R.,Buskirk,FY377538G,1/13/1992,HR
950,Sean,J.,Burton,GD718133Q,2/5/1977,Customer Relations
951,Helen,R.,Burnett,HU037820L,10/1/1978,Customer Relations
952,Robert,P.,Burnett,EQ814528A,1/3/1987,Commercial
953,Sharon,F.,Burnell,ZE767847Q,1/30/1980,Litigation
954,Robert,,Burlacu,KE341804J,9/28/1988,HR
955,Jenny,,Burkhardt,KY860207K,8/7/1993,Litigation
956,Denise,R.,Burkhardt,NY704994R,12/18/1986,Litigation
957,Scott,,Burke,EF912645W,11/17/1991,Litigation
958,Walter,J.,Buensalido,LT778392A,10/19/1989,Commercial
959,Patrick,J.,Bueno,KG465156B,6/28/1988,HR
960,Kimberly,N.,Bueno,UP262863G,6/6/1981,Commercial
961,Ajay,,Buchanan,BQ248329H,4/19/1975,Commercial
962,Parul,,Bruno,JG069021Y,10/17/1980,HR
963,Tomas,M.,Brunner,OJ493157W,6/13/1978,Commercial
964,Kathy,R.,Bruner,FW337143F,2/14/1980,Customer Relations
965,Jill,K.,Brundage,YJ258002D,6/19/1975,Litigation
966,Melissa,R.,Brummer,HM147520M,5/30/1979,HR
967,Cecelia,L.,Brumfield,IP813905I,8/16/1976,Litigation
968,Benjamin,,Browqett,OW207123H,5/29/1967,Customer Relations
969,Linda,,Browning,HE451888N,1/28/1969,Customer Relations
970,Mindy,,Browning,KM360043U,6/1/1990,Commercial
971,Sandra,I.,Browne,IU120993N,7/28/1969,Commercial
972,Frank,,Brown,OY653332F,3/18/1989,HR
973,Steve,,Brown,EO636709A,2/10/1976,Customer Relations
974,Joseph,,Brown,WW592886N,3/20/1975,Litigation
975,Jennifer,J.,Brown,VP707988R,12/8/1983,Commercial
976,Chris,,Brown,KB795316N,5/31/1978,Customer Relations
977,Sandra,B.,Brown,RK186843R,10/6/1990,Customer Relations
978,John,J.,Brown,KQ333832A,1/14/1973,Customer Relations
979,Robin,M.,Brooks,TZ045432F,9/26/1977,HR
980,Stacie,K.,Brooks,ET994771X,11/21/1993,Commercial
981,Katie,,Brink,UW007585F,5/28/1968,Litigation
982,Lola,M.,Brink,SY415254J,6/1/1980,Customer Relations
983,Jane,A.,Bright,GF208954T,6/29/1979,Litigation
984,Nikki,,Brian,SH623454B,7/3/1980,Litigation
985,James,L.,Brewer,XJ014643M,12/29/1991,Customer Relations
986,Christinia,A.,Brewer,OJ016246P,11/22/1977,Litigation
987,Alejandro,,Bremer,OF295631D,1/20/1989,HR
988,Yvonne,,Breer,XD902605G,11/29/1973,HR
989,Nkenge,,Bready,WE244041F,9/22/1992,Litigation
990,Nancy,A.,Brandon,PZ736454Y,4/9/1985,HR
991,Nellie,T.,Bradley,AY708853N,7/4/1982,HR
992,Raquel,,Bradley,OC334029J,3/11/1971,Litigation
993,Gladys,F.,Bowman,BB152880I,3/16/1978,Customer Relations
994,R. Morgan,L.,Bowen,ZG195858K,10/30/1983,Commercial
995,Tosh,,Bourne,NF591405E,8/14/1966,Litigation
996,Susan,,Boseman,AL462753T,5/18/1967,Commercial
997,Stephen,A.,Booth,MT273944H,2/19/1989,Litigation
998,Eric,B.,Bonifaz,KO662601K,7/6/1994,Litigation
999,Helen,M.,Bolender,IR742115K,5/5/1988,Commercial
1000,Deanna,,Bohling,BU837112G,12/11/1970,HR
1001,Gary,P.,Bockenkamp,DW145952D,10/11/1974,HR
1002,Ramesh,,Blythe,XA665088K,12/9/1991,HR
1003,Thomas,R.,Blythe,UF063338Y,7/27/1976,Litigation
1004,Jan,,Blanton,IX064395Q,5/25/1977,HR
1005,Virginia,L.,Blanco,XS356261W,11/29/1966,Commercial
1006,Matthew,J.,Blackwell,ZG404898D,3/19/1966,Customer Relations
1007,Emilo,R.,Black,FI954718H,2/26/1967,Customer Relations
1008,Ben,,Bishop,WM798600L,11/12/1978,Customer Relations
1009,Dylan,,Bischoff,TY604142E,8/10/1968,Litigation
1010,Frank,,Bischoff,XB053680Y,2/23/1988,Customer Relations
1011,Neva,M.,Billstrom,QL093073K,7/21/1991,Customer Relations
1012,Linda,,Bidelman,MV341620A,11/28/1974,Litigation
1013,Scott,,Berry,NH920273K,6/28/1992,Litigation
1014,Robert,,Berry,DQ690045L,3/31/1969,HR
1015,Joseph,P.,Berndt,JH718921S,8/11/1980,Litigation
1016,Paula,B.,Berndt,ZF290144O,4/28/1971,Commercial
1017,Suchitra,,Bernacchi,IG561898G,2/11/1973,Commercial
1018,Jonathan,,Berglund,NC711558W,5/2/1971,HR
1019,William,J.,Berglund,SZ887066O,2/17/1967,HR
1020,Alan,L.,Bergin,AQ317765Q,9/19/1993,Commercial
1021,Hillaine,N.,Berger,NR643119Q,10/17/1974,Litigation
1022,Bobby,,Berger,PX042302C,10/15/1981,Commercial
1023,Barbara,,Berge,HM131853A,6/9/1980,Customer Relations
1024,Jon,,Berge,JC745295D,12/18/1971,Litigation
1025,Julia,,Berg,QQ256099I,2/10/1969,Commercial
1026,Marie,E.,Berch,XX348087A,12/24/1990,Litigation
1027,Zheng,,Bentley,ZI647076L,9/7/1988,Commercial
1028,Salman,,Bent,KS021995J,11/1/1975,Commercial
1029,Albert,,Benson,QZ691473E,1/11/1982,Litigation
1030,Stuart,,Benson,PR769209X,11/12/1968,Litigation
1031,Billie Jo,,Benson,IM386229Y,6/21/1981,Customer Relations
1032,Dorothy,J.,Benshoof,HY616394A,11/3/1969,Customer Relations
1033,Ken,,Ben-Sachar,XJ375079E,3/26/1970,Litigation
1034,Suzanne,,Bennetts,HF384784M,10/26/1972,Commercial
1035,Mandar,,Bendixen,LW450675F,10/31/1976,Customer Relations
1036,Greg,F.,Belli,XZ097636P,8/24/1981,HR
1037,Mike,,Beebe,LE303119D,4/6/1990,Commercial
1038,Lorraine,,Becker,CC733032E,4/11/1992,HR
1039,Alex,,Beck,BB751478Y,12/17/1985,Customer Relations
1040,Jan,R.,Beck,TZ376727I,5/9/1987,Litigation
1041,Amir,T.,Beaver,MZ079205M,9/27/1979,Commercial
1042,Donals,E.,Beasley,AR228485I,3/21/1981,HR
1043,Toby,,Beanston,AT205069M,6/1/1971,HR
1044,Laura,,Bauer,AO171802F,2/9/1977,Litigation
1045,Fred,,Bates,QO134221R,10/11/1984,Commercial
1046,Michael,J,Barzdukas,GJ239929Q,7/20/1969,Litigation
1047,Tim,,Bartness,TD653567G,4/12/1992,HR
1048,Tina,Slone,Barreto de Mattos,DP762509P,1/15/1974,HR
1049,Robert,,Barrera,PF343778G,9/17/1986,Customer Relations
1050,Nino,E.,Barr,UC922029Y,1/7/1992,Customer Relations
1051,Lee,M.,Barnhill,UP287496D,10/13/1978,Litigation
1052,Tad,,Barlow,MY005839E,9/14/1970,Litigation
1053,Gloria,B.,Barley,FR048046Y,7/23/1990,HR
1054,Fred,A.,Barker,EF628893Q,8/25/1971,Customer Relations
1055,John,E.,Barber,GT591802R,2/17/1968,Litigation
1056,David,J.,Barber,JU399181C,3/5/1986,Commercial
1057,Michiko,,Barbariol,LU425036S,3/5/1984,Litigation
1058,Stu,J.,Barbariol,HN879467F,10/7/1982,Customer Relations
1059,Scott,,Banks,AR735493Q,3/23/1985,HR
1060,Lori,,Banack,FF696136B,8/24/1985,Commercial
1061,Jyothi,,Baltazar,BD270954H,3/24/1989,Customer Relations
1062,Cristian,B.,Bales,HV392490X,3/30/1971,Litigation
1063,Mosha,M.,Baldwin,EA880880H,12/25/1991,Litigation
1064,Rajesh,M.,Baker,NO206596O,7/27/1968,Customer Relations
1065,Shyamalan,,Baker,CY500054F,3/21/1970,Litigation
1066,Michael,,Bailey,JO662836S,1/12/1975,Litigation
1067,Trish,E.,Bacon,TA100312R,11/28/1969,Litigation
1068,Frank,,Bacalzo,ER444804C,11/11/1992,Customer Relations
1069,Lionel,,Ayers,WH091401R,10/13/1974,Litigation
1070,Elizabeth,M.,Avalos,CK911433Q,6/20/1974,Customer Relations
1071,John,,Ault,EP456482Q,3/19/1968,HR
1072,Jonathan,,Atkinson,WJ227600X,12/13/1986,Litigation
1073,Tina,A.,Ashton,LK781315D,7/12/1986,HR
1074,James,,Arthur,GX007537I,2/3/1987,Customer Relations
1075,Glin,J.,Armstrong,AL326757U,1/8/1988,Litigation
1076,Sara,E.,Arifin,QL669789U,3/4/1966,Litigation
1077,Carol,,Arbelaez,GC527759F,1/13/1976,Customer Relations
1078,Patricia,B.,Arakawa,VJ135011Z,2/12/1980,HR
1079,Pat,R.,Appelbaum,HQ232687O,4/5/1968,HR
1080,Paulo,Sergio Da Silva,Antrim,ZN774537Y,9/23/1982,Commercial
1081,Deborah,,Ansman-Wolfe,QX656724L,6/24/1968,HR
1082,Grigory,,Anderson,PL553330X,8/5/1977,Commercial
1083,Carole,,Anderson,AX272740D,6/16/1970,HR
1084,Cheryl,J.,Amland,LM473918M,6/22/1969,Commercial
1085,Alma,B.,Alvaro,ZS640737C,3/28/1967,Commercial
1086,Ethel,J.,Alvarado,CU789417N,5/24/1994,HR
1087,Constance,J.,Altman,YY749480W,10/8/1984,Litigation
1088,Josh,,Altamirano,LY038233M,6/26/1970,Commercial
1089,Betty,J.,Alpuerto,PB655864L,4/28/1993,Litigation
1090,Fred,,Allison,OE987995X,12/26/1982,Litigation
1091,Jeff,,Allen,MU731821X,10/13/1986,Customer Relations
1092,Milton,M.,Allen,HM742434G,7/22/1991,HR
1093,Sean,,Allen,ZZ416159L,7/5/1969,Litigation
1094,Monica,L.,Alexander,CR945996Y,2/28/1991,Commercial
1095,Mary Lou,M.,Alexander,EX098648F,11/16/1992,HR
1096,Kim,,Alexander,TG553959Y,7/12/1994,Litigation
1097,Susan,J.,Alexander,CR293260I,1/30/1967,HR
1098,Cynthia,,Alderson,TF560679E,5/6/1968,HR
1099,Arvind,B.,Alderson,EH072021O,7/31/1970,HR
1100,Simon,,Alcorn,EE388534U,5/25/1970,HR
1101,Michael,S,Albury,RU393911K,3/20/1991,Litigation
1102,Suzann,K.,Albright,XB031449P,10/5/1973,Litigation
1103,Michelle,B.,Alberts,CQ366331U,12/13/1982,Commercial
1104,Jamie,,Alberts,YX168932K,9/2/1973,Commercial
1105,Russell,A.,Alan,KW089444V,12/19/1983,HR
1106,Celine,J.,Alameda,GV171968N,10/28/1982,Litigation
1107,Randy,,Akers,WG854192C,8/30/1984,Litigation
1108,Enoch,T,Ajenstat,FB516457I,3/1/1967,HR
1109,Eric,E.,Ahlering,TF468818L,6/17/1980,Litigation
1110,Adam,J.,Aguilar,WB612028P,4/10/1985,Litigation
1111,Constance,J.,Agcaoili,DQ080527A,7/25/1981,Litigation
1112,Albert,A.,Adina,JC405863Y,4/20/1973,Litigation
1113,Dave,,Adams,UA320590O,10/10/1981,Commercial
1114,Jack,S.,Adams,OM497708H,1/4/1981,Commercial
1115,Marie,M.,Adams,EE043214E,3/16/1982,Customer Relations
1116,William,J.,Adams,TF521637D,2/4/1968,Litigation
1117,Thomas,M.,Ackerman,OB539235R,1/31/1970,Customer Relations
1118,Stacy,K.,Ackerman,VK533745E,9/29/1978,HR
1119,Leota,J.,Achong,PB401812L,7/18/1969,Customer Relations
1120,David,R.,Acevedo,GN367103Q,10/20/1983,Customer Relations
1121,Rebecca,A.,Abolrous,GA297514Y,4/14/1970,Customer Relations
1122,Dorothy,B.,Abercrombie,MX853609K,6/11/1973,Commercial
1123,Carol Ann,F.,Abercrombie,TN675319V,12/31/1982,HR
1124,Scott,M.,Abel,XY397460I,3/15/1979,Customer Relations
1125,Jim,,Abbas,QT929145C,10/15/1969,Commercial